750693,Emma,Bonnet,08/06/1980 00:00:00,8 boulevard des arts,emma.bonnet@gmail.com,666666666
593649,Pierre,Dubois,20/07/1985 00:00:00,3 rue du commerce,pierre.dubois@gmail.com,555555555
411440,Manon,Morel,03/10/1992 00:00:00,10 rue de la victoire,manon.morel@gmail.com,888888888
187877,Sophie,Lefevre,05/09/1988 00:00:00,4 rue des écoles,sophie.lefevre@gmail.com,111111111
992115,Jean,Dupont,01/01/1990 00:00:00,1 rue de la paix,jean.dupont@gmail.com,123456789
985574,Bernard,Dupont,02/02/2002 00:00:00,11 rue de bonaparte,bernard@gmail.com,0123456789
80570,Camille,Garcia,25/02/2000 00:00:00,6 rue du parc,camille.garcia@gmail.com,333333333
777196,Thomas,Moreau,10/11/1975 00:00:00,5 avenue des champs,thomas.moreau@gmail.com,222222222
445071,Lucas,Leroy,30/12/1993 00:00:00,7 avenue des sports,lucas.leroy@gmail.com,444444444
409749,Hugo,Roux,18/04/1978 00:00:00,9 rue de la liberté,hugo.roux@gmail.com,777777777
867555,Marie,Martin,15/03/1995 00:00:00,2 avenue des fleurs,marie.martin@gmail.com,987654321
