36190,Paul,Dupond,01/01/1960 00:00:00,Adresse1,dupond@example.com,1234567890,PDG,10000,15/04/2024
158366,Mélanie,Fiesta,15/03/1975 00:00:00,Adresse2,fiesta@example.com,1234567891,Directrice Commerciale,8000,15/04/2024
448594,Thomas,Forge,20/05/1985 00:00:00,Adresse3,forge@example.com,1234567892,Commercial,6000,15/04/2024
218346,Laura,Fermi,10/07/1990 00:00:00,Adresse4,fermi@example.com,1234567893,Commerciale,6000,15/04/2024
680440,Benjamin,Fetard,28/02/1963 00:00:00,Adresse5,fetard@example.com,1234567894,Directeur des opérations,9000,15/04/2024
267680,Alexandre,Royal,05/08/1980 00:00:00,Adresse6,royal@example.com,1234567895,Chef d'Équipe,7000,15/04/2024
770836,Charlotte,Prince,17/04/1978 00:00:00,Adresse8,prince@example.com,1234567897,Chef d'Équipe,7000,15/04/2024
623198,Marie,Joyeuse,03/09/1970 00:00:00,Adresse11,joyeuse@example.com,1234567800,Directrice des RH,9000,15/04/2024
620929,Julie,Couleur,22/11/1983 00:00:00,Adresse12,couleur@example.com,1234567801,Formation,7000,15/04/2024
499162,Sophie,ToutleMonde,08/01/1986 00:00:00,Adresse13,toutlemonde@example.com,1234567802,Contrats,7000,15/04/2024
678766,Jean,GripSous,19/07/1967 00:00:00,Adresse14,gripsous@example.com,1234567803,Directeur Financier,9000,15/04/2024
447545,Mathieu,Picsou,25/05/1972 00:00:00,Adresse15,picsou@example.com,1234567804,Direction comptable,8000,15/04/2024
21150,Amélie,Fournier,13/04/1982 00:00:00,11 rue de Rome,amelie.fournier@gmail.com,1234567805,Comptable,6000,15/04/2024
510743,Emilie,Gautier,08/06/1991 00:00:00,Adresse17,gautier@example.com,1234567806,Comptable,6000,15/04/2024
264666,Guillaume,GrosSous,01/03/1989 00:00:00,Adresse18,grossoou@example.com,1234567807,Contrôleur de Gestion,8000,15/04/2024
933826,Nathan,Fleury,10/10/2003 00:00:00,Courbevoie,nathan@,1234567890,Responsable Poids Lourd,6500,19/04/2024
922026,Valentin,Dugay,23/08/2003 00:00:00,Eaubonne,val@,1234567890,Chargé de Gestion,1900,10/04/2024
